state,fiedler_2010,fiedler_2020,eigenvalue_ratio
alabama,0.009635706095762687,68.48693535597445,7107.619791983036
georgia,0.009512017747494574,25.25509624016371,2655.0724473591104
