State,k,alpha_crit,Variance_at_5
Alabama,7,20,0.0007409954413192272
Georgia,14,50,0.0011995234483711398
Louisiana,6,20,0.0004789896566480248
Mississippi,4,10,0.0005765261286790363
South Carolina,7,20,0.001393708169087343
