{
  "urban_mm": {
    "n": 10,
    "mean_pp": 0.21446659419788192,
    "std_pp": 0.08349355930510383,
    "mean_reock": 0.5351838027583921,
    "mean_convex_hull": 0.7053486996779359
  },
  "rural_mm": {
    "n": 3,
    "mean_pp": 0.24753837660375178,
    "std_pp": 0.03555044401168898,
    "mean_reock": 0.6003681966634834,
    "mean_convex_hull": 0.7867704770121664
  },
  "mixed_mm": {
    "n": 6,
    "mean_pp": 0.18184185693153276,
    "std_pp": 0.04980415041468754,
    "mean_reock": 0.5470896867460199,
    "mean_convex_hull": 0.7193538448110869
  },
  "urban_vs_rural_test": {
    "t_statistic": -0.6522167543538534,
    "p_value": 0.5276550307161303,
    "interpretation": "not_significant"
  },
  "all_mm": {
    "n": 19,
    "mean_pp": 0.2093859059673301,
    "std_pp": 0.0694612281700625
  },
  "all_non_mm": {
    "n": 50,
    "mean_pp": 0.23639467722481014,
    "std_pp": 0.07200795218068887
  }
}