{
  "state": "CA",
  "k": 52,
  "n_steps": 300,
  "mean": 0.11723650609014215,
  "std": 0.004890320094357793,
  "plan_cut": 0.10633348040592035,
  "percentile": 0.6666666666666667
}