{
  "state": "GA",
  "k": 14,
  "n_steps": 1000,
  "mean": 0.10169956140350876,
  "std": 0.0052002176479861795,
  "plan_cut": 0.08539731682146542,
  "percentile": 0.1
}