{
  "state": "PA",
  "k": 17,
  "n_steps": 1000,
  "mean": 0.10054963101548696,
  "std": 0.006605596767377095,
  "plan_cut": 0.08574992204552541,
  "percentile": 0.2
}