{
  "state": "WI",
  "k": 8,
  "n_steps": 1000,
  "mean": 0.08655143935818782,
  "std": 0.008380689381700302,
  "plan_cut": 0.06512505899008966,
  "percentile": 0.2
}